"사건 ID","연도","명칭","학습용 요약","내용 SHA-256","검토 유의점","공식 출처 URL","문서 위치","근거 문장","감수자","판정","수정 요청"
"event-660","660","백제 멸망","나당 연합군의 공격으로 백제가 멸망했다.","e3e59b4ecadd8b93db045e7e6cb7107475e8365882a73840618f59db56f9c5c1","연도·주체·사건 명칭·요약의 사실성과 수업 수준을 확인할 것","","","","","대기",""
"event-668","668","고구려 멸망","나당 연합군의 공격으로 고구려가 멸망했다.","3966ad842a988aab3032fa854816ff143c5508ca46266c9f295f7bf4bf8b7ba9","연도·주체·사건 명칭·요약의 사실성과 수업 수준을 확인할 것","","","","","대기",""
"event-676","676","신라의 삼국 통일","신라가 당의 세력을 몰아내고 삼국 통일을 이루었다.","edc5fd1ab86124f79d34c5df108cdb7bcec0aae9b170f6d92e138a6c543a4c0d","통일의 범위와 한계, 통일 신라·남북국 명칭을 학년별로 설명할 때의 적절성","","","","","대기",""
"event-698","698","발해 건국","대조영이 고구려 유민 등을 이끌고 발해를 세웠다.","de0b6c6050e4206a5e2822fe29543ed3baadcafdbba163c5bd55716ca2eb94f3","연도·주체·사건 명칭·요약의 사실성과 수업 수준을 확인할 것","","","","","대기",""
"event-918","918","고려 건국","왕건이 고려를 세웠다.","cd1a0a841b32a098bb04397aa9f42d44ceb2367bd99139c6cd96d5afe16f0b4e","연도·주체·사건 명칭·요약의 사실성과 수업 수준을 확인할 것","","","","","대기",""
"event-926","926","발해 멸망","거란의 공격으로 발해가 멸망했다.","2e375f95bd7fbd18f4fac70e843d2021dd7e5fd267a88e4d28c7f4e9ec8e2f78","연도·주체·사건 명칭·요약의 사실성과 수업 수준을 확인할 것","","","","","대기",""
"event-936","936","고려의 후삼국 통일","고려가 후백제를 멸망시키며 후삼국을 통일했다.","294c5da95a04ebbdf0f72386023f089ac8d57c0c38bf552212271d7feca149b6","연도·주체·사건 명칭·요약의 사실성과 수업 수준을 확인할 것","","","","","대기",""
"event-956","956","노비안검법 실시","광종이 불법으로 노비가 된 사람을 조사해 양인으로 회복시켰다.","777e77e06644f47090d4476f0bd4f7b7069a9d28e9690e883c43ef0a20aaafa4","연도·주체·사건 명칭·요약의 사실성과 수업 수준을 확인할 것","","","","","대기",""
"event-958","958","고려 과거제 실시","광종이 쌍기의 건의를 받아들여 과거제를 실시했다.","216d50cd98df3023d4dcfe5e637874d6ff37f1b4a0716f3a4c68e328ac16f264","연도·주체·사건 명칭·요약의 사실성과 수업 수준을 확인할 것","","","","","대기",""
"event-993","993","서희의 외교 담판","서희가 거란과 담판해 강동 6주 확보의 계기를 마련했다.","218c9691371016c6b1c5d3d647fcc56522ad90f75bf81d8f776f5d5ce9e40dd3","강동 6주 확보의 계기와 실제 확보 과정의 구별","","","","","대기",""
"event-1019","1019","귀주 대첩","강감찬이 귀주에서 거란군을 크게 물리쳤다.","c23ab9bad31d219d19f1f97a474134c09e10e832bc37f71a2e6b4d310d7667c6","연도·주체·사건 명칭·요약의 사실성과 수업 수준을 확인할 것","","","","","대기",""
"event-1170","1170","무신 정변","무신들이 정변을 일으켜 정권을 장악했다.","c9c5c325be9774ddab43aed27e396388812e6aa3864ce33d9e8475e3ae51484b","연도·주체·사건 명칭·요약의 사실성과 수업 수준을 확인할 것","","","","","대기",""
"event-1232","1232","강화도 천도","고려가 몽골의 침입에 맞서 수도를 강화도로 옮겼다.","7199357fc21f22fb17d2d1acabe18c220fc7e347f8d38aa6833f1d8cb840d346","연도·주체·사건 명칭·요약의 사실성과 수업 수준을 확인할 것","","","","","대기",""
"event-1377","1377","직지 간행","청주 흥덕사에서 금속 활자로 직지를 간행했다.","097fbd1f64215be35b391a83afb53a8174684e39c47579d98727b88a1883ba38","연도·주체·사건 명칭·요약의 사실성과 수업 수준을 확인할 것","","","","","대기",""
"event-1388","1388","위화도 회군","이성계가 위화도에서 군대를 돌려 개경으로 향했다.","ea998dd8d7b0436eaaa017ae13836c2d5427bd514bbdbbf6b6766d1c543dfd53","연도·주체·사건 명칭·요약의 사실성과 수업 수준을 확인할 것","","","","","대기",""
"event-1392","1392","조선 건국","이성계가 조선을 세웠다.","6c2abb8848f18911a2ec79446859244458db15d51ef7da6e4c60b375d0e1e3ed","연도·주체·사건 명칭·요약의 사실성과 수업 수준을 확인할 것","","","","","대기",""
"event-1443","1443","훈민정음 창제","세종이 백성을 위한 문자 훈민정음을 창제했다.","fa3f9855f1382a4464d7190d66fd765eb75f650012643d1ada96d32b1758aa66","창제·반포 연도 구별, 음력·양력 날짜를 추가할 경우 원문 대조","","","","","대기",""
"event-1446","1446","훈민정음 반포","세종 때 훈민정음이 반포되었다.","441bdb7f45c4e497b01dfb16343e9efb8731ddbc9d79766f3a2f7a927fdd2479","창제와 반포의 구별","","","","","대기",""
"event-1592","1592","임진왜란 발발","일본이 조선을 침략하면서 임진왜란이 시작되었다.","a3d4f7df7202ade361b0190eb776d0d42502ea14ba5b04d6b140e3dd6d7e060b","연도·주체·사건 명칭·요약의 사실성과 수업 수준을 확인할 것","","","","","대기",""
"event-1627","1627","정묘호란","후금이 조선을 침략했다.","502d9acfa22a7b248787650aae12c4f76ddd6dc1e28a8bd2d08adb10a406b067","연도·주체·사건 명칭·요약의 사실성과 수업 수준을 확인할 것","","","","","대기",""
"event-1636","1636","병자호란","청이 조선을 침략해 조선이 남한산성에서 항전했다.","8b686a8fcfbd868f1b0a83247a9e2112b89d7f0b10fe106f5bf90d366a079093","연도·주체·사건 명칭·요약의 사실성과 수업 수준을 확인할 것","","","","","대기",""
"event-1750","1750","균역법 실시","영조가 군포 부담을 1년에 2필에서 1필로 줄였다.","3ea5ab30ac6c038e21de014560a27857cfc6eb4bf9011585b003e0e56106e78b","연도·주체·사건 명칭·요약의 사실성과 수업 수준을 확인할 것","","","","","대기",""
"event-1776","1776","규장각 설치","정조가 왕실 도서관이자 학술 기관인 규장각을 설치했다.","0d16f4b928de75bfcdfa510863f585a23b981ad8598e5d3f1f08f4da1a84b0a5","연도·주체·사건 명칭·요약의 사실성과 수업 수준을 확인할 것","","","","","대기",""
"event-1866","1866","병인양요","프랑스군이 강화도를 침략했다.","1c3687524f4691a43568c2233eca39207ac12bc8fe7a01a47c98ad616e7607f0","연도·주체·사건 명칭·요약의 사실성과 수업 수준을 확인할 것","","","","","대기",""
"event-1871","1871","신미양요","미국 함대가 강화도를 침략했다.","2fcb4bd9229882b5b8e5a6bb657538867ae5d3cd75ee351ce1736e31f2fe099a","연도·주체·사건 명칭·요약의 사실성과 수업 수준을 확인할 것","","","","","대기",""
"event-1876","1876","강화도 조약 체결","조선이 일본과 강화도 조약을 체결했다.","abb611fc7808ecdd067793609fb542a1695e392561cc6a004181a3fbac33466a","연도·주체·사건 명칭·요약의 사실성과 수업 수준을 확인할 것","","","","","대기",""
"event-1884","1884","갑신정변","급진 개화파가 정변을 일으켰으나 3일 만에 실패했다.","0e4fa03811c0df7ec0b9364281ad635743ac5a2a5af12e95b5a139efc2741d51","연도·주체·사건 명칭·요약의 사실성과 수업 수준을 확인할 것","","","","","대기",""
"event-1894","1894","동학 농민 운동","전봉준 등이 이끈 농민들이 반봉건·반외세 운동을 전개했다.","c8da8459ded6ccad6ec5d0cc66f32980bc89de5cb1c5db60529035bf21c88305","동학 농민 운동의 전개와 반봉건·반외세 설명의 맥락","","","","","대기",""
"event-1897","1897","대한 제국 수립","고종이 황제로 즉위하고 대한 제국을 선포했다.","4adfea1894f07cdd486b62056a74639eb57fa76bd10cfd68032d6d7e687f6178","연도·주체·사건 명칭·요약의 사실성과 수업 수준을 확인할 것","","","","","대기",""
"event-1905","1905","을사늑약 강제 체결","일본이 대한 제국의 외교권을 빼앗는 조약을 강제로 체결했다.","c8550397a7daa6a0ef1b69e3f8f5e8314db26453e3a21dd716f41f15c05de37a","강제 체결과 외교권 박탈 설명, 용어 선택","","","","","대기",""
"event-1910","1910","국권 피탈","일본이 한국을 강제로 병합했다.","812a45d018836c63e615c9850625e91e986ad8a2311e088cd59367d9e820ff6a","국권 피탈의 강제성과 시기 구분","","","","","대기",""
"event-1919","1919","3·1 운동","독립 선언을 계기로 전국에서 만세 시위가 확산되었다.","c115025490972eb29f270025e53bebf38dfa9ed0e4e1cbec1347307a3f16dcfa","연도·주체·사건 명칭·요약의 사실성과 수업 수준을 확인할 것","","","","","대기",""
"event-1920","1920","봉오동 전투","홍범도 등이 이끈 독립군이 봉오동에서 일본군을 물리쳤다.","081dc6a8839405d503dafff2cb7e0d905f7691fc21087b042f6bb3da29261e77","연도·주체·사건 명칭·요약의 사실성과 수업 수준을 확인할 것","","","","","대기",""
"event-1929","1929","광주 학생 항일 운동","광주에서 시작한 학생들의 항일 운동이 전국으로 확산되었다.","c765086aaac17e83a7ae52bf7fdd8aed70bcb9ff26a8402d30ac8f65637bc79f","연도·주체·사건 명칭·요약의 사실성과 수업 수준을 확인할 것","","","","","대기",""
"event-1932","1932","윤봉길 의거","윤봉길이 상하이 훙커우 공원에서 의거를 실행했다.","08d17ba791428ad8323893ac8e8d6103471821f974c1eb15757ea58ba186dbcb","연도·주체·사건 명칭·요약의 사실성과 수업 수준을 확인할 것","","","","","대기",""
"event-1940","1940","한국 광복군 창설","대한민국 임시 정부가 충칭에서 한국 광복군을 창설했다.","b96cbc8db08ce3a6bb80a5002cc638988a36c2386bc69704ae4707500b3fcac5","연도·주체·사건 명칭·요약의 사실성과 수업 수준을 확인할 것","","","","","대기",""
"event-1945","1945","광복","일본의 패전으로 한국이 식민 지배에서 해방되었다.","fcefd539754772c7284cdaa5529850104196b9a0524e00a092d848d7fdfc0884","연도·주체·사건 명칭·요약의 사실성과 수업 수준을 확인할 것","","","","","대기",""
"event-1948","1948","대한민국 정부 수립","대한민국 정부가 수립되었다.","ff022dcebaa687a128693fd34435292e657cc94d245371db45115987f8ea4eb6","정부 수립과 1919년 임시 정부의 관계, 대한민국 건국 논쟁을 임의로 단정하지 않을 것","","","","","대기",""
"event-1950","1950","6·25 전쟁 발발","북한의 남침으로 6·25 전쟁이 시작되었다.","17b88201d6b76c8054d204c88df28b69c803ac1268b6ca01ce8b515eb74efeae","전쟁 발발과 경과의 구별","","","","","대기",""
"event-1953","1953","정전 협정 체결","전쟁을 멈추는 정전 협정이 체결되었다.","8af6041a96c2ecd98cb898a41b09181b2e1f1ed22b4974220088ab21c9f228d8","연도·주체·사건 명칭·요약의 사실성과 수업 수준을 확인할 것","","","","","대기",""
"event-1960","1960","4·19 혁명","부정 선거에 항의하는 시민과 학생의 시위로 이승만이 하야했다.","d54cdc65d6eba417e5963e40a497bf94042cd64d63684e897679768a4bb9d553","연도·주체·사건 명칭·요약의 사실성과 수업 수준을 확인할 것","","","","","대기",""
"event-1980","1980","5·18 민주화 운동","광주 시민들이 신군부의 계엄 확대와 진압에 맞서 민주화를 요구했다.","016ba75427a899a70f7c7d48ab031e4b482f4f70b5bbc70b9d2880a88c77154c","공식 명칭·민주화 요구·신군부 진압 설명의 정확성과 연령 적합성","","","","","대기",""
"event-1987","1987","6월 민주 항쟁","전국적인 민주화 시위가 대통령 직선제 개헌으로 이어졌다.","537a1a6ca703d1fb5be76c7bd8e70151ca654345fe7ce4da54154a4aaeedcb46","연도·주체·사건 명칭·요약의 사실성과 수업 수준을 확인할 것","","","","","대기",""
"event-1991","1991","남북한 유엔 동시 가입","대한민국과 북한이 유엔에 함께 가입했다.","f1059f006f80b4ffb58c9f5eee1f10fb3082df733779fd9e098de5515b1401f0","남북한 동시 가입의 날짜·유엔 자료 대조","","","","","대기",""
